{"flutter":{"platforms":{"android":{"default":{"projectId":"hiking-app-marco","appId":"1:7239373682:android:b96159e7d1954a2a4cc3eb","fileOutput":"android/app/google-services.json"}},"dart":{"lib/firebase_options.dart":{"projectId":"hiking-app-marco","configurations":{"android":"1:7239373682:android:b96159e7d1954a2a4cc3eb","ios":"1:7239373682:ios:92b4e0f9508913f64cc3eb","macos":"1:7239373682:ios:92b4e0f9508913f64cc3eb","web":"1:7239373682:web:e0c1209b3b175a614cc3eb","windows":"1:7239373682:web:b7f4c1a1838e03934cc3eb"}}}}}}