{
  "project_info": {
    "project_number": "7239373682",
    "project_id": "hiking-app-marco",
    "storage_bucket": "hiking-app-marco.firebasestorage.app"
  },
  "client": [
    {
      "client_info": {
        "mobilesdk_app_id": "1:7239373682:android:b96159e7d1954a2a4cc3eb",
        "android_client_info": {
          "package_name": "com.example.hiking_app"
        }
      },
      "oauth_client": [],
      "api_key": [
        {
          "current_key": "AIzaSyA1XvH4ODIEsZ0f2k6d5ewo2GdwS5hUs-0"
        }
      ],
      "services": {
        "appinvite_service": {
          "other_platform_oauth_client": []
        }
      }
    }
  ],
  "configuration_version": "1"
}